name,slug,date,heading,message_1,message_2,message_3,message_4,theme_color,animation,views,is_trending,is_active
Indira Ekadashi,indira-ekadashi,2026-10-06 00:00:00,Indira Ekadashi Wishes,May this sacred Ekadashi bring peace to your heart and blessings to your family.,May your prayers bring strength devotion and positivity into every new beginning.,On this holy day may ancestors be remembered with love and gratitude.,Wishing you a peaceful and spiritually uplifting Indira Ekadashi.,#7a1738,glitter,0,false,true
Sarva Pitru Amavasya,sarva-pitru-amavasya,2026-10-10 00:00:00,Sarva Pitru Amavasya Wishes,May we remember our ancestors with gratitude respect and heartfelt prayers.,May their blessings guide your family toward peace prosperity and harmony.,Today is a beautiful reminder to honour the roots that shaped our lives.,Wishing your family a peaceful and meaningful Sarva Pitru Amavasya.,#4b2354,glitter,0,false,true
Navratri Begins,navratri-begins,2026-10-11 00:00:00,Navratri Wishes,May Maa Durga fill your days with courage devotion happiness and divine energy.,May these nine sacred nights bring new hope strength and positivity into your life.,Celebrate every moment with faith in your heart and joy in your soul.,Shubh Navratri! May Maa Durga bless you and your loved ones.,#b51f5a,confetti,0,true,true
Saraswati Avahan,saraswati-avahan,2026-10-16 00:00:00,Saraswati Avahan Wishes,May Maa Saraswati bless your mind with wisdom creativity and clarity.,May every new idea become a meaningful achievement through knowledge and dedication.,Let this sacred beginning inspire learning music art and thoughtful expression.,Wishing you a blessed and inspiring Saraswati Avahan.,#d39b19,glitter,0,false,true
Saraswati Puja,saraswati-puja,2026-10-17 00:00:00,Saraswati Puja Wishes,May Maa Saraswati bless you with knowledge wisdom and the confidence to learn.,May your studies creativity and talents flourish with divine grace.,May every page you read and every skill you build lead you toward a brighter future.,Happy Saraswati Puja! May wisdom and creativity always guide you.,#f0c75e,glitter,0,false,true
Durga Ashtami,durga-ashtami,2026-10-19 00:00:00,Durga Ashtami Wishes,May Maa Durga bless you with fearless strength and unwavering faith.,May every challenge become an opportunity to discover your inner power.,Let devotion courage and kindness guide you through every step of life.,Shubh Durga Ashtami! May Maa Durga shower blessings on your family.,#c51f35,confetti,0,true,true
Maha Navami,maha-navami,2026-10-19 00:00:00,Maha Navami Wishes,May the divine energy of Maa Durga fill your heart with courage and peace.,May your home be blessed with happiness health and harmony.,Celebrate the ninth day of Navratri with devotion gratitude and positivity.,Wishing you a powerful and blessed Maha Navami.,#9e1b32,confetti,0,false,true
Dussehra,dussehra,2026-10-20 00:00:00,Dussehra Wishes,May the victory of good over evil inspire courage truth and kindness in your life.,May every negative thought be replaced with hope and every obstacle with strength.,Let this Dussehra remind us that light and goodness always deserve a place in our hearts.,Happy Dussehra! Wishing you victory happiness and prosperity.,#d35400,fireworks,0,true,true
Papankusha Ekadashi,papankusha-ekadashi,2026-10-22 00:00:00,Papankusha Ekadashi Wishes,May this sacred Ekadashi bring purity peace and renewed faith into your life.,May your prayers strengthen your heart and fill your home with divine blessings.,Let devotion guide your actions and gratitude brighten every day.,Wishing you a peaceful and blessed Papankusha Ekadashi.,#6a4c93,glitter,0,false,true
Sharad Purnima,sharad-purnima,2026-10-25 00:00:00,Sharad Purnima Wishes,May the radiant full moon of Sharad Purnima fill your life with peace and abundance.,May your home glow with happiness love and togetherness.,May this beautiful night bring calm thoughts and fresh hope for the days ahead.,Happy Sharad Purnima! May moonlight bring blessings to your family.,#4267a8,glitter,0,false,true
Karwa Chauth,karwa-chauth,2026-10-29 00:00:00,Karwa Chauth Wishes,May love trust and togetherness make every moment of your journey more beautiful.,May your relationship be blessed with understanding laughter and lasting companionship.,Wishing couples a day filled with heartfelt prayers and cherished memories.,Happy Karwa Chauth! May love shine brighter with every passing year.,#b52b52,glitter,0,true,true
Ahoi Ashtami,ahoi-ashtami,2026-11-01 00:00:00,Ahoi Ashtami Wishes,May Maa Ahoi bless every family with happiness health and protection.,May your prayers bring peace to your home and joy to your loved ones.,Today celebrates the beautiful bond of family care and heartfelt blessings.,Wishing you a blessed and joyful Ahoi Ashtami.,#8e3154,confetti,0,false,true
Govatsa Dwadashi,govatsa-dwadashi,2026-11-05 00:00:00,Govatsa Dwadashi Wishes,May this sacred day fill your home with gratitude compassion and prosperity.,May kindness toward animals and nature inspire a more peaceful life.,May every prayer today bring blessings harmony and abundance to your family.,Wishing you a peaceful and blessed Govatsa Dwadashi.,#52734d,confetti,0,false,true
Rama Ekadashi,rama-ekadashi,2026-11-05 00:00:00,Rama Ekadashi Wishes,May Rama Ekadashi bring spiritual strength peace and devotion into your life.,May your prayers clear your mind and fill your heart with positive energy.,May this sacred day inspire patience kindness and gratitude.,Wishing you a blessed Rama Ekadashi.,#5b3b8a,glitter,0,false,true
Dhanteras,dhanteras,2026-11-06 00:00:00,Dhanteras Wishes,May Goddess Dhanvantari bless you and your family with health happiness and prosperity.,May your home shine with positive energy and your efforts bring lasting abundance.,Celebrate the beginning of Diwali with gratitude hope and the joy of togetherness.,Happy Dhanteras! Wishing you health wealth and endless blessings.,#d18b16,fireworks,0,true,true
Kali Chaudas,kali-chaudas,2026-11-07 00:00:00,Kali Chaudas Wishes,May Kali Chaudas remove negativity and fill your life with courage and light.,May every fear fade away and every new beginning bring confidence and strength.,Let this sacred occasion inspire inner power protection and positivity.,Wishing you a powerful and blessed Kali Chaudas.,#3f234f,fireworks,0,false,true
Narak Chaturdashi,narak-chaturdashi,2026-11-08 00:00:00,Narak Chaturdashi Wishes,May the light of Narak Chaturdashi remove darkness and negativity from your life.,May your home be filled with happiness peace and beautiful festive energy.,Celebrate the triumph of light with family laughter and heartfelt gratitude.,Happy Narak Chaturdashi! May your life shine with positivity.,#c45b16,fireworks,0,false,true
Diwali,diwali,2026-11-08 00:00:00,Diwali Wishes,May millions of diyas brighten your home with happiness peace and prosperity.,May Goddess Lakshmi bless your family with abundance and beautiful new beginnings.,Let every light inspire hope every smile spread joy and every prayer bring peace.,Happy Diwali! Wishing you and your loved ones a sparkling festival of lights.,#f39c12,fireworks,0,true,true
Govardhan Puja,govardhan-puja,2026-11-10 00:00:00,Govardhan Puja Wishes,May Govardhan Puja fill your home with gratitude protection and prosperity.,May Lord Krishna bless your family with love harmony and abundance.,Let this sacred celebration remind us to respect nature and value community.,Happy Govardhan Puja! May Krishna's blessings always be with you.,#4f8a45,confetti,0,false,true
Bhai Dooj,bhai-dooj,2026-11-11 00:00:00,Bhai Dooj Wishes,May the beautiful bond between brothers and sisters grow stronger every year.,May your family be blessed with laughter love good health and unforgettable memories.,Celebrate siblinghood with heartfelt wishes and a promise to always stand together.,Happy Bhai Dooj! Wishing every brother and sister endless happiness.,#c44d58,confetti,0,true,true
Chhath Puja,chhath-puja,2026-11-15 00:00:00,Chhath Puja Wishes,May Chhathi Maiya bless your family with health happiness and prosperity.,May every prayer offered to Surya Dev bring strength peace and positivity.,Celebrate this sacred festival with devotion gratitude and respect for nature.,Shubh Chhath Puja! May divine blessings brighten your home.,#e58b21,fireworks,0,true,true
Kansa Vadh,kansa-vadh,2026-11-20 00:00:00,Kansa Vadh Wishes,May the story of Kansa Vadh inspire courage righteousness and faith.,May truth and goodness guide your choices through every challenge.,Let this sacred occasion remind us of the strength that comes from devotion and justice.,Wishing you a blessed and meaningful Kansa Vadh.,#5c3b2e,confetti,0,false,true
Devutthana Ekadashi,devutthana-ekadashi,2026-11-20 00:00:00,Devutthana Ekadashi Wishes,May Lord Vishnu bless your life with peace wisdom and renewed hope.,May this auspicious Ekadashi mark the beginning of joyful and positive days.,Let devotion and gratitude bring harmony to your home and heart.,Wishing you a blessed Devutthana Ekadashi.,#315f7d,glitter,0,false,true
Tulasi Vivah,tulasi-vivah,2026-11-21 00:00:00,Tulasi Vivah Wishes,May the sacred union of Tulasi and Lord Vishnu bring love and harmony to your home.,May your family be blessed with prosperity peace and enduring relationships.,Let this beautiful celebration fill your heart with devotion and gratitude.,Happy Tulasi Vivah! May divine blessings remain with you always.,#4b7f52,confetti,0,false,true
Kartika Purnima,kartika-purnima,2026-11-24 00:00:00,Kartika Purnima Wishes,May the sacred full moon of Kartika Purnima fill your life with peace and divine light.,May your prayers bring happiness wisdom and prosperity to your family.,Celebrate this auspicious day with devotion kindness and gratitude.,Happy Kartika Purnima! May your home glow with blessings.,#4c72a4,glitter,0,false,true
Guru Nanak Jayanti,guru-nanak-jayanti,2026-11-24 00:00:00,Guru Nanak Jayanti Wishes,May Guru Nanak Dev Ji's teachings inspire compassion equality humility and truth.,May your life be filled with seva kindness and remembrance of the Divine.,Let us celebrate with gratitude and spread love through our words and actions.,Happy Guru Nanak Jayanti! May Waheguru bless you and your family.,#d09a26,confetti,0,true,true
Kalabhairav Jayanti,kalabhairav-jayanti,2026-12-01 00:00:00,Kalabhairav Jayanti Wishes,May Lord Kalabhairav bless you with courage protection and inner strength.,May fear give way to confidence and confusion give way to clarity.,Let devotion and discipline guide you toward peaceful and purposeful living.,Wishing you a blessed Kalabhairav Jayanti.,#34345c,fireworks,0,false,true
Utpanna Ekadashi,utpanna-ekadashi,2026-12-04 00:00:00,Utpanna Ekadashi Wishes,May Utpanna Ekadashi bring spiritual renewal peace and strength to your life.,May your faith help you overcome negativity and welcome positive beginnings.,May your prayers fill your heart with patience gratitude and devotion.,Wishing you a peaceful and blessed Utpanna Ekadashi.,#496b8f,glitter,0,false,true
Vivah Panchami,vivah-panchami,2026-12-14 00:00:00,Vivah Panchami Wishes,May the divine union of Shri Ram and Mata Sita inspire love trust and devotion.,May every relationship in your life grow through patience respect and understanding.,May your home be filled with harmony and blessings.,Wishing you a blessed Vivah Panchami.,#b05a4d,confetti,0,false,true
Dhanu Sankranti,dhanu-sankranti,2026-12-16 00:00:00,Dhanu Sankranti Wishes,May this auspicious Sankranti bring fresh energy peace and prosperity into your life.,May the changing season inspire gratitude discipline and positive beginnings.,May divine light guide your family toward happiness and harmony.,Wishing you a blessed Dhanu Sankranti.,#d28b29,confetti,0,false,true
Gita Jayanti,gita-jayanti,2026-12-20 00:00:00,Gita Jayanti Wishes,May the timeless wisdom of the Bhagavad Gita bring clarity and courage to your life.,May its teachings inspire you to act with purpose patience and compassion.,May every challenge become an opportunity to learn and grow.,Wishing you a peaceful and inspiring Gita Jayanti.,#7a5c2e,glitter,0,false,true
Mokshada Ekadashi,mokshada-ekadashi,2026-12-20 00:00:00,Mokshada Ekadashi Wishes,May Mokshada Ekadashi bring peace devotion and spiritual strength to your heart.,May your prayers help you release negativity and embrace a more meaningful path.,Let faith and gratitude guide you through every new beginning.,Wishing you a blessed Mokshada Ekadashi.,#4d6285,glitter,0,false,true
Dattatreya Jayanti,dattatreya-jayanti,2026-12-23 00:00:00,Dattatreya Jayanti Wishes,May Lord Dattatreya bless you with wisdom balance and spiritual strength.,May you find learning and guidance in every experience life brings.,May your home be filled with peace devotion and positive energy.,Happy Dattatreya Jayanti! May divine blessings guide your journey.,#8a5a2b,confetti,0,false,true
Christmas,christmas,2026-12-25 00:00:00,Christmas Wishes,May Christmas fill your home with love peace laughter and beautiful memories.,May the spirit of giving bring kindness and warmth to everyone around you.,Wishing you a season filled with hope togetherness and joyful moments.,Merry Christmas! May your days shine with happiness and love.,#b52b35,confetti,0,true,true
New Year,new-year-2027,2027-01-01 00:00:00,New Year Wishes,May the new year bring fresh dreams meaningful beginnings and countless reasons to smile.,May every month bring new opportunities good health and beautiful memories.,Leave behind what no longer serves you and step forward with hope and confidence.,Happy New Year 2027! Wishing you a joyful and successful year.,#6c3fb5,fireworks,0,true,true
Saphala Ekadashi,saphala-ekadashi-2027,2027-01-03 00:00:00,Saphala Ekadashi Wishes,May Saphala Ekadashi bring success peace and spiritual strength into your life.,May your sincere efforts grow into meaningful achievements and happiness.,Let devotion and patience guide every step toward your goals.,Wishing you a blessed and fruitful Saphala Ekadashi.,#4d6585,glitter,0,false,true
Lohri,lohri-2027,2027-01-14 00:00:00,Lohri Wishes,May the warm glow of Lohri fill your home with happiness prosperity and togetherness.,May the bonfire carry away negativity and welcome fresh hope.,Celebrate with music laughter family and the sweetness of new beginnings.,Happy Lohri! Wishing you warmth joy and abundant blessings.,#c86f20,fireworks,0,true,true
Makar Sankranti,makar-sankranti-2027,2027-01-15 00:00:00,Makar Sankranti Wishes,May Makar Sankranti bring brighter days new opportunities and positive energy.,May the rising sun bless your family with health happiness and prosperity.,Let every kite carry your dreams higher and every celebration bring people closer.,Happy Makar Sankranti! Wishing you sunshine and endless joy.,#e28b1f,fireworks,0,true,true
Pongal,pongal-2027,2027-01-15 00:00:00,Pongal Wishes,May Pongal fill your home with abundance gratitude and the sweetness of togetherness.,May the harvest season bring prosperity to every family and farmer.,Celebrate with kolam sugarcane delicious food and heartfelt gratitude.,Happy Pongal! May your life overflow with joy and prosperity.,#d48a2a,confetti,0,false,true
Guru Gobind Singh Jayanti,guru-gobind-singh-jayanti-2027,2027-01-15 00:00:00,Guru Gobind Singh Jayanti Wishes,May the life and teachings of Guru Gobind Singh Ji inspire courage compassion and righteousness.,May your heart remain strong in truth and generous in service.,May Waheguru bless your family with peace strength and wisdom.,Happy Guru Gobind Singh Jayanti! May divine grace guide you always.,#b18a31,confetti,0,false,true
Pausha Putrada Ekadashi,pausha-putrada-ekadashi-2027,2027-01-18 00:00:00,Pausha Putrada Ekadashi Wishes,May this sacred Ekadashi bring family happiness peace and divine blessings.,May your prayers strengthen love harmony and gratitude within your home.,May every sincere wish be accompanied by patience faith and positivity.,Wishing you a blessed Pausha Putrada Ekadashi.,#4e6889,glitter,0,false,true
Pausha Purnima,pausha-purnima-2027,2027-01-22 00:00:00,Pausha Purnima Wishes,May the full moon of Pausha Purnima fill your life with peace and spiritual light.,May your home be blessed with happiness harmony and abundance.,Let this sacred day inspire gratitude kindness and devotion.,Wishing you a peaceful and blessed Pausha Purnima.,#5578a0,glitter,0,false,true
Sakat Chauth,sakat-chauth-2027,2027-01-25 00:00:00,Sakat Chauth Wishes,May Lord Ganesha remove obstacles and bless your family with happiness and prosperity.,May every prayer bring strength patience and protection to your loved ones.,Celebrate with faith and gratitude for the bonds that make family special.,Wishing you a blessed Sakat Chauth.,#b7652b,confetti,0,false,true
Republic Day,republic-day-2027,2027-01-26 00:00:00,Republic Day Wishes,May the spirit of our Constitution inspire unity responsibility and respect for every citizen.,May India continue to grow through knowledge courage opportunity and harmony.,Let us celebrate the values that bring people together and strengthen our democracy.,Happy Republic Day! Jai Hind!,#244f86,confetti,0,true,true
Shattila Ekadashi,shattila-ekadashi-2027,2027-02-02 00:00:00,Shattila Ekadashi Wishes,May Shattila Ekadashi fill your heart with devotion humility and peace.,May kindness and generosity bring positive energy into your life.,Let every act of charity and compassion become a step toward a better tomorrow.,Wishing you a blessed Shattila Ekadashi.,#4c6f86,glitter,0,false,true
Mauni Amavasya,mauni-amavasya-2027,2027-02-06 00:00:00,Mauni Amavasya Wishes,May Mauni Amavasya bring inner peace reflection and spiritual clarity.,May silence help you reconnect with your thoughts faith and gratitude.,Let this sacred day inspire calmness kindness and mindful living.,Wishing you a peaceful and meaningful Mauni Amavasya.,#4a465c,glitter,0,false,true
Vasant Panchami,vasant-panchami-2027,2027-02-11 00:00:00,Vasant Panchami Wishes,May Maa Saraswati bless you with wisdom creativity and a love for learning.,May your ideas bloom like spring flowers and your talents shine brightly.,Let knowledge music and art bring beauty and purpose to your journey.,Happy Vasant Panchami! May wisdom and creativity always guide you.,#e1b52d,confetti,0,true,true
Ratha Saptami,ratha-saptami-2027,2027-02-13 00:00:00,Ratha Saptami Wishes,May Surya Dev bless your life with health vitality and positive energy.,May the rising sun inspire fresh beginnings and a bright outlook.,Let every new day bring strength gratitude and renewed confidence.,Wishing you a blessed Ratha Saptami.,#e18a25,fireworks,0,false,true
Bhishma Ashtami,bhishma-ashtami-2027,2027-02-14 00:00:00,Bhishma Ashtami Wishes,May Bhishma Ashtami inspire courage wisdom duty and devotion in your life.,May you find strength to stand by truth and values even during difficult times.,Let remembrance and prayer bring peace to your heart.,Wishing you a meaningful Bhishma Ashtami.,#70634f,glitter,0,false,true
Jaya Ekadashi,jaya-ekadashi-2027,2027-02-17 00:00:00,Jaya Ekadashi Wishes,May Jaya Ekadashi bring purity of thought peace of mind and spiritual strength.,May devotion help you overcome negativity and move forward with confidence.,May your home be filled with harmony and divine blessings.,Wishing you a blessed Jaya Ekadashi.,#536b8a,glitter,0,false,true
Magha Purnima,magha-purnima-2027,2027-02-20 00:00:00,Magha Purnima Wishes,May the sacred full moon of Magha Purnima bring peace wisdom and blessings.,May your prayers fill your life with positivity and your home with harmony.,Celebrate this auspicious day with faith gratitude and compassion.,Wishing you a peaceful Magha Purnima.,#5d7da0,glitter,0,false,true
Vijaya Ekadashi,vijaya-ekadashi-2027,2027-03-04 00:00:00,Vijaya Ekadashi Wishes,May Vijaya Ekadashi give you courage clarity and strength to overcome every challenge.,May your faith help you move forward with patience and confidence.,Let every obstacle become a lesson and every effort a step toward success.,Wishing you a blessed Vijaya Ekadashi.,#536c8b,glitter,0,false,true
Maha Shivaratri,maha-shivaratri-2027,2027-03-06 00:00:00,Maha Shivaratri Wishes,May Lord Shiva bless you with peace strength wisdom and inner calm.,May Mahadev remove fear and negativity and guide you toward a purposeful path.,Let devotion and meditation bring balance to your heart and mind.,Har Har Mahadev! Wishing you a blessed Maha Shivaratri.,#3d4967,fireworks,0,true,true
Somavati Amavasya,somavati-amavasya-2027,2027-03-08 00:00:00,Somavati Amavasya Wishes,May this sacred Amavasya bring peace reflection and positive transformation.,May your prayers strengthen family bonds and bring blessings into your home.,Use this day to pause express gratitude and welcome a fresh beginning.,Wishing you a peaceful Somavati Amavasya.,#4b4759,glitter,0,false,true
Amalaki Ekadashi,amalaki-ekadashi-2027,2027-03-18 00:00:00,Amalaki Ekadashi Wishes,May Amalaki Ekadashi bring health peace and spiritual strength to your family.,May devotion and compassion guide your thoughts and actions.,May every prayer open the way to positivity and inner harmony.,Wishing you a blessed Amalaki Ekadashi.,#55775c,glitter,0,false,true
Holika Dahan,holika-dahan-2027,2027-03-21 00:00:00,Holika Dahan Wishes,May the sacred fire of Holika Dahan burn away negativity fear and old worries.,May truth faith and goodness become stronger in every part of your life.,Gather with loved ones and welcome a fresh beginning with hope and joy.,Shubh Holika Dahan! May your life be filled with light.,#d05d20,fireworks,0,true,true
Holi,holi-2027,2027-03-22 00:00:00,Holi Wishes,May the colours of Holi fill your life with laughter friendship and unforgettable memories.,May every colour bring a new reason to celebrate and every smile spread happiness.,Celebrate with love kindness and the joyful spirit of togetherness.,Happy Holi! Rang Barse and happiness always!,#d83b7d,confetti,0,true,true
Sheetala Ashtami,sheetala-ashtami-2027,2027-03-30 00:00:00,Sheetala Ashtami Wishes,May Maa Sheetala bless your family with health peace and protection.,May your home remain filled with harmony care and positive energy.,Celebrate this sacred day with devotion and gratitude for health and wellbeing.,Wishing you a blessed Sheetala Ashtami.,#63805a,confetti,0,false,true
Ugadi,ugadi-2027,2027-04-07 00:00:00,Ugadi Wishes,May Ugadi bring a fresh beginning filled with hope prosperity and happiness.,May every flavour of life bring wisdom strength and beautiful memories.,Welcome the new year with gratitude positivity and dreams for a brighter future.,Happy Ugadi! Wishing you a prosperous and joyful new year.,#6f9b4b,confetti,0,true,true
Gudi Padwa,gudi-padwa-2027,2027-04-07 00:00:00,Gudi Padwa Wishes,May the Gudi of prosperity bring happiness success and fresh beginnings to your home.,May the new year bring health harmony and countless reasons to celebrate.,Raise your Gudi with pride and welcome the year with hope and positivity.,Happy Gudi Padwa! Wishing you a prosperous Marathi New Year.,#d58a27,confetti,0,true,true
Chaitra Navratri,chaitra-navratri-2027,2027-04-07 00:00:00,Chaitra Navratri Wishes,May Maa Durga bless the new year with courage health and positive energy.,May these nine sacred days bring peace to your home and strength to your heart.,Let devotion and hope guide every new beginning.,Shubh Chaitra Navratri! May Maa Durga bless you always.,#bd3158,confetti,0,true,true
Gauri Puja,gauri-puja-2027,2027-04-09 00:00:00,Gauri Puja Wishes,May Goddess Gauri bless your home with harmony prosperity and happiness.,May every prayer strengthen family bonds and bring peaceful beginnings.,Celebrate with devotion gratitude and the joy of togetherness.,Wishing you a blessed Gauri Puja.,#c56a79,confetti,0,false,true
Gangaur,gangaur-2027,2027-04-09 00:00:00,Gangaur Wishes,May Gangaur bring love happiness and harmony into every home.,May Goddess Gauri bless families with affection prosperity and togetherness.,Celebrate Rajasthan's beautiful tradition with colour devotion and joyful hearts.,Happy Gangaur! Wishing you love peace and prosperity.,#d36b72,confetti,0,false,true
Yamuna Chhath,yamuna-chhath-2027,2027-04-12 00:00:00,Yamuna Chhath Wishes,May Maa Yamuna bless your family with purity peace and wellbeing.,May this sacred day inspire respect for rivers nature and the blessings they provide.,Let devotion and gratitude guide every prayer.,Wishing you a blessed Yamuna Chhath.,#3f7d8f,confetti,0,false,true
Rama Navami,rama-navami-2027,2027-04-15 00:00:00,Rama Navami Wishes,May Lord Rama bless your life with truth courage patience and righteousness.,May his ideals inspire kindness responsibility and harmony in every relationship.,Let devotion bring peace to your heart and strength to your journey.,Jai Shri Ram! Wishing you a blessed Rama Navami.,#c5792b,fireworks,0,true,true
Swaminarayan Jayanti,swaminarayan-jayanti-2027,2027-04-15 00:00:00,Swaminarayan Jayanti Wishes,May Bhagwan Swaminarayan bless you with devotion discipline and compassion.,May spiritual wisdom guide your thoughts and bring peace to your family.,Let service and kindness become part of every day.,Wishing you a blessed Swaminarayan Jayanti.,#6c5a9c,confetti,0,false,true
Kamada Ekadashi,kamada-ekadashi-2027,2027-04-17 00:00:00,Kamada Ekadashi Wishes,May Kamada Ekadashi bring peace devotion and positive transformation.,May sincere prayers and good actions open the way to meaningful blessings.,Let faith and patience strengthen your heart.,Wishing you a blessed Kamada Ekadashi.,#4d6e8d,glitter,0,false,true
Hanuman Jayanti,hanuman-jayanti-2027,2027-04-20 00:00:00,Hanuman Jayanti Wishes,May Bajrangbali bless you with courage devotion strength and confidence.,May Hanuman Ji remove fear and inspire you to face every challenge bravely.,Let faith humility and service guide your actions.,Jai Hanuman! Wishing you a powerful and blessed Hanuman Jayanti.,#b74d25,fireworks,0,true,true
Varuthini Ekadashi,varuthini-ekadashi-2027,2027-05-02 00:00:00,Varuthini Ekadashi Wishes,May Varuthini Ekadashi bring protection peace and spiritual strength into your life.,May your devotion inspire kindness and help you overcome negativity.,May every sincere prayer lead you toward harmony and positivity.,Wishing you a blessed Varuthini Ekadashi.,#536c87,glitter,0,false,true
Parashurama Jayanti,parashurama-jayanti-2027,2027-05-08 00:00:00,Parashurama Jayanti Wishes,May Lord Parashurama inspire courage discipline and devotion in your life.,May strength always be guided by wisdom and responsibility.,Let this sacred occasion remind us to stand firmly for what is right.,Wishing you a blessed Parashurama Jayanti.,#7a5738,confetti,0,false,true
Akshaya Tritiya,akshaya-tritiya-2027,2027-05-09 00:00:00,Akshaya Tritiya Wishes,May Akshaya Tritiya bring prosperity success and auspicious new beginnings.,May every good effort you make grow into lasting happiness and abundance.,Start something meaningful today with faith gratitude and positive intention.,Happy Akshaya Tritiya! May your blessings and prosperity multiply.,#d49a24,fireworks,0,true,true
Ganga Saptami,ganga-saptami-2027,2027-05-12 00:00:00,Ganga Saptami Wishes,May Maa Ganga bless your life with purity peace and spiritual strength.,May this sacred day inspire us to respect and protect our rivers and nature.,May every prayer bring clarity and positive energy to your family.,Wishing you a blessed Ganga Saptami.,#3d8795,confetti,0,false,true
Sita Navami,sita-navami-2027,2027-05-14 00:00:00,Sita Navami Wishes,May Mata Sita inspire patience courage grace and inner strength.,May your home be filled with respect harmony and loving relationships.,Let compassion and resilience guide you through every chapter of life.,Wishing you a blessed Sita Navami.,#c47b6a,confetti,0,false,true
Mohini Ekadashi,mohini-ekadashi-2027,2027-05-16 00:00:00,Mohini Ekadashi Wishes,May Mohini Ekadashi bring clarity peace and spiritual renewal.,May your mind stay focused on positive choices and meaningful goals.,Let faith and devotion bring harmony into your life.,Wishing you a blessed Mohini Ekadashi.,#59718c,glitter,0,false,true
Narasimha Jayanti,narasimha-jayanti-2027,2027-05-18 00:00:00,Narasimha Jayanti Wishes,May Lord Narasimha bless you with courage protection and unwavering faith.,May every fear be replaced with strength and every obstacle with determination.,Let devotion remind you that goodness and truth deserve to be protected.,Wishing you a powerful Narasimha Jayanti.,#a84b32,fireworks,0,false,true
Buddha Purnima,buddha-purnima-2027,2027-05-20 00:00:00,Buddha Purnima Wishes,May the teachings of Buddha bring peace compassion and clarity to your life.,May mindfulness help you respond with patience and kindness.,Let this sacred day inspire a calmer heart and a more thoughtful world.,Happy Buddha Purnima! May peace and wisdom guide you.,#7c8f73,glitter,0,true,true
Narada Jayanti,narada-jayanti-2027,2027-05-21 00:00:00,Narada Jayanti Wishes,May Narada Jayanti inspire wisdom devotion learning and positive communication.,May your words build understanding friendship and harmony wherever you go.,Let knowledge and devotion guide your conversations and choices.,Wishing you a blessed Narada Jayanti.,#77634d,confetti,0,false,true
Apara Ekadashi,apara-ekadashi-2027,2027-06-01 00:00:00,Apara Ekadashi Wishes,May Apara Ekadashi bring spiritual strength peace and renewed purpose.,May your sincere efforts lead to growth and your prayers bring inner calm.,Let faith and good actions brighten your journey.,Wishing you a blessed Apara Ekadashi.,#526b87,glitter,0,false,true
Vat Savitri Vrat,vat-savitri-vrat-2027,2027-06-04 00:00:00,Vat Savitri Vrat Wishes,May Savitri's devotion inspire love strength and commitment in every relationship.,May families be blessed with health harmony and lasting happiness.,Celebrate with faith gratitude and respect for the bonds of family.,Wishing you a blessed Vat Savitri Vrat.,#567b58,confetti,0,false,true
Shani Jayanti,shani-jayanti-2027,2027-06-04 00:00:00,Shani Jayanti Wishes,May Lord Shani bless you with discipline wisdom patience and justice.,May honest effort and responsible actions lead you toward peaceful progress.,Let this sacred day inspire humility and respect for every consequence of our actions.,Wishing you a blessed Shani Jayanti.,#3e4652,glitter,0,false,true
Ganga Dussehra,ganga-dussehra-2027,2027-06-13 00:00:00,Ganga Dussehra Wishes,May Maa Ganga bring purity peace and blessings into your life.,May this sacred festival remind us to cherish and protect the natural world.,May your prayers bring clarity health and harmony to your family.,Happy Ganga Dussehra! May divine grace flow into your life.,#4d8da0,confetti,0,false,true
Nirjala Ekadashi,nirjala-ekadashi-2027,2027-06-14 00:00:00,Nirjala Ekadashi Wishes,May Nirjala Ekadashi strengthen your devotion discipline and inner peace.,May your faith help you remain focused compassionate and positive.,May this sacred day bring spiritual renewal and blessings to your home.,Wishing you a blessed Nirjala Ekadashi.,#536c88,glitter,0,false,true
Vat Purnima Vrat,vat-purnima-vrat-2027,2027-06-18 00:00:00,Vat Purnima Vrat Wishes,May Vat Purnima bring love harmony and happiness to every family.,May devotion and togetherness strengthen relationships through every season of life.,Celebrate with gratitude for the people who make your journey meaningful.,Wishing you a blessed Vat Purnima Vrat.,#6d8458,confetti,0,false,true
Yogini Ekadashi,yogini-ekadashi-2027,2027-06-30 00:00:00,Yogini Ekadashi Wishes,May Yogini Ekadashi bring purity peace and spiritual strength.,May devotion help you release negativity and welcome healthier thoughts and habits.,Let compassion and gratitude guide your daily journey.,Wishing you a blessed Yogini Ekadashi.,#536e87,glitter,0,false,true
Jagannath Rath Yatra,jagannath-rath-yatra-2027,2027-07-05 00:00:00,Jagannath Rath Yatra Wishes,May Lord Jagannath bless your family with joy devotion and prosperity.,May the sacred Rath Yatra fill your heart with faith and your life with positive energy.,Celebrate the journey of devotion with unity service and gratitude.,Jai Jagannath! Wishing you a blessed Rath Yatra.,#b76529,confetti,0,true,true
Devshayani Ekadashi,devshayani-ekadashi-2027,2027-07-14 00:00:00,Devshayani Ekadashi Wishes,May Devshayani Ekadashi bring peace devotion and spiritual renewal.,May this sacred day inspire patience reflection and trust in the journey ahead.,Let every prayer strengthen your heart and bring harmony to your home.,Wishing you a blessed Devshayani Ekadashi.,#4d6987,glitter,0,false,true
Guru Purnima,guru-purnima-2027,2027-07-18 00:00:00,Guru Purnima Wishes,May every teacher mentor and guide who shaped your life be remembered with gratitude.,May the light of knowledge continue to guide you toward growth and purpose.,Celebrate the people who helped you learn improve and believe in yourself.,Happy Guru Purnima! May wisdom always light your path.,#a67b35,glitter,0,true,true
Kamika Ekadashi,kamika-ekadashi-2027,2027-07-29 00:00:00,Kamika Ekadashi Wishes,May Kamika Ekadashi bring peace devotion and renewed strength.,May your prayers help you move beyond worries and focus on what truly matters.,Let faith and compassion bring positive energy into your life.,Wishing you a blessed Kamika Ekadashi.,#526b88,glitter,0,false,true
Hariyali Teej,hariyali-teej-2027,2027-08-04 00:00:00,Hariyali Teej Wishes,May Hariyali Teej bring love happiness and fresh energy into your life.,May the beauty of monsoon and green surroundings fill your heart with joy.,Celebrate with music mehendi traditions and cherished moments with loved ones.,Happy Hariyali Teej! Wishing you colour love and prosperity.,#4d915c,confetti,0,true,true
Nag Panchami,nag-panchami-2027,2027-08-06 00:00:00,Nag Panchami Wishes,May Nag Panchami bring protection peace and harmony to your family.,May this sacred day inspire respect for nature and all living beings.,Celebrate with devotion and gratitude for the balance of the natural world.,Wishing you a blessed Nag Panchami.,#5f7d45,confetti,0,false,true
Shravana Putrada Ekadashi,shravana-putrada-ekadashi-2027,2027-08-12 00:00:00,Shravana Putrada Ekadashi Wishes,May this sacred Ekadashi bring family happiness peace and divine blessings.,May your home be filled with love harmony and hope for the future.,Let devotion and gratitude strengthen the bonds of family.,Wishing you a blessed Shravana Putrada Ekadashi.,#53718a,glitter,0,false,true
Varalakshmi Vrat,varalakshmi-vrat-2027,2027-08-13 00:00:00,Varalakshmi Vrat Wishes,May Goddess Varalakshmi bless your family with prosperity health and happiness.,May your home be filled with abundance love and peaceful relationships.,Celebrate with devotion and gratitude for every blessing in your life.,Wishing you a blessed Varalakshmi Vrat.,#c28a34,confetti,0,true,true
Raksha Bandhan,raksha-bandhan-2027,2027-08-17 00:00:00,Raksha Bandhan Wishes,May the bond between brothers and sisters become stronger with every passing year.,May your relationship always be filled with laughter support trust and beautiful memories.,Celebrate the promise of standing by one another through every chapter of life.,Happy Raksha Bandhan! Wishing every sibling endless love and happiness.,#c35a75,confetti,0,true,true
Kajari Teej,kajari-teej-2027,2027-08-20 00:00:00,Kajari Teej Wishes,May Kajari Teej bring love happiness and harmony into every home.,May the monsoon season refresh your heart with hope and joyful memories.,Celebrate tradition with music mehendi devotion and togetherness.,Happy Kajari Teej! Wishing you a beautiful and blessed celebration.,#567c68,confetti,0,false,true
Krishna Janmashtami,krishna-janmashtami-2027,2027-08-25 00:00:00,Janmashtami Wishes,May Lord Krishna fill your life with love wisdom joy and divine grace.,May his playful spirit bring laughter to your home and his teachings bring clarity to your heart.,Celebrate with devotion music and the happiness of Krishna's birth.,Hare Krishna! Wishing you a joyful and blessed Janmashtami.,#4b6594,fireworks,0,true,true
Aja Ekadashi,aja-ekadashi-2027,2027-08-28 00:00:00,Aja Ekadashi Wishes,May Aja Ekadashi bring peace strength and spiritual renewal.,May your devotion help you release worries and welcome positive change.,Let faith and patience guide you toward a brighter path.,Wishing you a blessed Aja Ekadashi.,#506b87,glitter,0,false,true
Hartalika Teej,hartalika-teej-2027,2027-09-03 00:00:00,Hartalika Teej Wishes,May Hartalika Teej bring love devotion and harmony into your life.,May every relationship be strengthened by trust respect and understanding.,Celebrate with beautiful traditions heartfelt prayers and joyful togetherness.,Happy Hartalika Teej! Wishing you love and happiness.,#c85e7c,confetti,0,true,true
Ganesh Chaturthi,ganesh-chaturthi-2027,2027-09-04 00:00:00,Ganesh Chaturthi Wishes,May Lord Ganesha remove obstacles and open the way to happiness wisdom and success.,May Bappa bless your home with prosperity peace and positive beginnings.,Welcome Ganesha with devotion creativity and the joyful spirit of togetherness.,Ganpati Bappa Morya! Wishing you a blessed Ganesh Chaturthi.,#d47727,fireworks,0,true,true
Rishi Panchami,rishi-panchami-2027,2027-09-04 00:00:00,Rishi Panchami Wishes,May the wisdom of the ancient sages inspire learning discipline and gratitude.,May this sacred day encourage respect for knowledge tradition and spiritual growth.,Let us remember the value of guidance and the importance of living thoughtfully.,Wishing you a peaceful Rishi Panchami.,#8a684a,glitter,0,false,true
Balarama Jayanti,balarama-jayanti-2027,2027-09-06 00:00:00,Balarama Jayanti Wishes,May Lord Balarama bless you with strength courage and steadfastness.,May your inner strength help you protect what is right and support those you love.,Let devotion and humility guide every act of courage.,Wishing you a blessed Balarama Jayanti.,#7b7f4e,confetti,0,false,true
Radha Ashtami,radha-ashtami-2027,2027-09-08 00:00:00,Radha Ashtami Wishes,May Radha Rani fill your heart with love devotion and compassion.,May your relationships be blessed with trust tenderness and joyful memories.,Let pure devotion bring peace and beauty into every part of life.,Radhe Radhe! Wishing you a blessed Radha Ashtami.,#c66a88,confetti,0,true,true
Parsva Ekadashi,parsva-ekadashi-2027,2027-09-11 00:00:00,Parsva Ekadashi Wishes,May Parsva Ekadashi bring spiritual renewal peace and devotion.,May your faith help you overcome negativity and move forward with clarity.,May every prayer bring harmony to your heart and home.,Wishing you a blessed Parsva Ekadashi.,#526b87,glitter,0,false,true
Onam,onam-2027,2027-09-12 00:00:00,Onam Wishes,May Onam fill your home with happiness prosperity and the warmth of togetherness.,May the spirit of King Mahabali inspire generosity equality and kindness.,Celebrate with pookalam sadya traditions and beautiful family memories.,Happy Onam! Wishing you prosperity and joy.,#d58b2c,confetti,0,true,true
Ganesh Visarjan,ganesh-visarjan-2027,2027-09-14 00:00:00,Ganesh Visarjan Wishes,May Bappa take away every worry and leave your heart filled with wisdom and hope.,As we bid farewell may Lord Ganesha's blessings remain with your family.,Celebrate the journey with gratitude devotion and a promise to welcome positivity.,Ganpati Bappa Morya! Mangal Murti Morya!,#d06b2d,fireworks,0,true,true
Anant Chaturdashi,anant-chaturdashi-2027,2027-09-14 00:00:00,Anant Chaturdashi Wishes,May Anant Chaturdashi bring lasting peace prosperity and strength to your family.,May Lord Vishnu bless your home with harmony and enduring happiness.,Let faith and gratitude remain constant through every season of life.,Wishing you a blessed Anant Chaturdashi.,#4d668f,confetti,0,false,true
Pitrupaksha Begins,pitrupaksha-begins-2027,2027-09-16 00:00:00,Pitrupaksha Begins Wishes,May this sacred period inspire gratitude and remembrance for our ancestors.,May their blessings bring peace wisdom and harmony to your family.,Let us honour our roots with respect prayer and thoughtful actions.,Wishing you a peaceful beginning to Pitrupaksha.,#5a4c5e,glitter,0,false,true
Vishwakarma Puja,vishwakarma-puja-2027,2027-09-17 00:00:00,Vishwakarma Puja Wishes,May Lord Vishwakarma bless every craft machine workplace and creative effort.,May skill innovation and honest work lead to progress and prosperity.,Let us honour the hands and minds that build repair and create.,Happy Vishwakarma Puja! Wishing you safety success and growth.,#687b8a,confetti,0,false,true
Indira Ekadashi,indira-ekadashi-2027,2027-09-26 00:00:00,Indira Ekadashi Wishes,May Indira Ekadashi bring peace devotion and blessings to your family.,May remembrance of ancestors be filled with gratitude and love.,Let faith and compassion guide every prayer and thoughtful action.,Wishing you a blessed Indira Ekadashi.,#5b4e68,glitter,0,false,true
Sarva Pitru Amavasya,sarva-pitru-amavasya-2027,2027-09-29 00:00:00,Sarva Pitru Amavasya Wishes,May we honour our ancestors with gratitude respect and heartfelt prayers.,May their blessings guide your family toward peace prosperity and harmony.,Let remembrance become a source of strength and appreciation for our roots.,Wishing you a peaceful and meaningful Sarva Pitru Amavasya.,#4e4559,glitter,0,false,true
Navratri Begins,navratri-begins-2027,2027-09-30 00:00:00,Navratri Wishes,May Maa Durga fill your life with courage happiness devotion and divine energy.,May these nine sacred nights bring fresh hope strength and positivity.,Celebrate every day with faith joy and gratitude.,Shubh Navratri! May Maa Durga bless you and your loved ones.,#b51f5a,confetti,0,true,true
Saraswati Avahan,saraswati-avahan-2027,2027-10-06 00:00:00,Saraswati Avahan Wishes,May Maa Saraswati bless your mind with wisdom creativity and clarity.,May every new idea become a meaningful achievement through knowledge and dedication.,Let this sacred beginning inspire learning music art and thoughtful expression.,Wishing you a blessed Saraswati Avahan.,#d39b19,glitter,0,false,true
Saraswati Puja,saraswati-puja-2027,2027-10-07 00:00:00,Saraswati Puja Wishes,May Maa Saraswati bless you with knowledge wisdom and creativity.,May your studies skills and ideas flourish with divine grace.,Let learning become a lifelong source of confidence and joy.,Happy Saraswati Puja! May wisdom always guide you.,#f0c75e,glitter,0,false,true
Durga Ashtami,durga-ashtami-2027,2027-10-07 00:00:00,Durga Ashtami Wishes,May Maa Durga bless you with fearless strength and unwavering faith.,May every challenge reveal the courage within you.,Let devotion kindness and confidence guide every step.,Shubh Durga Ashtami! May Maa Durga bless your family.,#c51f35,confetti,0,true,true
Maha Navami,maha-navami-2027,2027-10-08 00:00:00,Maha Navami Wishes,May Maha Navami fill your heart with divine energy courage and peace.,May your home be blessed with health harmony and happiness.,Celebrate with devotion gratitude and the strength of new beginnings.,Wishing you a blessed Maha Navami.,#9e1b32,confetti,0,false,true
Dussehra,dussehra-2027,2027-10-09 00:00:00,Dussehra Wishes,May Dussehra inspire the victory of truth courage and goodness in every part of life.,May every obstacle become an opportunity to grow stronger and wiser.,Celebrate the triumph of light with family hope and gratitude.,Happy Dussehra! Wishing you victory happiness and prosperity.,#d35400,fireworks,0,true,true
Papankusha Ekadashi,papankusha-ekadashi-2027,2027-10-11 00:00:00,Papankusha Ekadashi Wishes,May Papankusha Ekadashi bring purity peace and spiritual strength.,May devotion help you leave negativity behind and welcome positive change.,Let gratitude and faith guide your actions.,Wishing you a blessed Papankusha Ekadashi.,#62528b,glitter,0,false,true
Sharad Purnima,sharad-purnima-2027,2027-10-14 00:00:00,Sharad Purnima Wishes,May the full moon of Sharad Purnima fill your life with peace abundance and divine light.,May your home glow with happiness and togetherness.,Let this beautiful night bring calm thoughts and fresh hope.,Happy Sharad Purnima! May moonlight bring blessings to your family.,#5576a3,glitter,0,false,true
Karwa Chauth,karwa-chauth-2027,2027-10-18 00:00:00,Karwa Chauth Wishes,May love trust and togetherness make every chapter of your relationship beautiful.,May couples be blessed with understanding laughter and lasting companionship.,Celebrate with heartfelt prayers and cherished memories.,Happy Karwa Chauth! May love shine brighter every year.,#b52b52,glitter,0,true,true
Ahoi Ashtami,ahoi-ashtami-2027,2027-10-22 00:00:00,Ahoi Ashtami Wishes,May Maa Ahoi bless every family with health happiness and protection.,May your prayers bring peace to your home and joy to your loved ones.,Celebrate the beautiful bond of family care and heartfelt blessings.,Wishing you a blessed Ahoi Ashtami.,#8e3154,confetti,0,false,true
Rama Ekadashi,rama-ekadashi-2027,2027-10-25 00:00:00,Rama Ekadashi Wishes,May Rama Ekadashi bring spiritual strength peace and devotion.,May your prayers clear your mind and fill your heart with positive energy.,May this sacred day inspire patience kindness and gratitude.,Wishing you a blessed Rama Ekadashi.,#5b3b8a,glitter,0,false,true
Govatsa Dwadashi,govatsa-dwadashi-2027,2027-10-26 00:00:00,Govatsa Dwadashi Wishes,May this sacred day fill your home with gratitude compassion and prosperity.,May kindness toward animals and nature inspire a peaceful life.,May every prayer bring blessings harmony and abundance.,Wishing you a peaceful and blessed Govatsa Dwadashi.,#52734d,confetti,0,false,true
Dhanteras,dhanteras-2027,2027-10-27 00:00:00,Dhanteras Wishes,May Goddess Dhanvantari bless your family with health happiness and prosperity.,May your home shine with positive energy and your work bring lasting abundance.,Begin the Diwali season with gratitude hope and togetherness.,Happy Dhanteras! Wishing you health wealth and blessings.,#d18b16,fireworks,0,true,true
Kali Chaudas,kali-chaudas-2027,2027-10-27 00:00:00,Kali Chaudas Wishes,May Kali Chaudas remove negativity and fill your life with courage and light.,May fear fade away and confidence grow stronger within you.,Let this sacred occasion inspire protection strength and positivity.,Wishing you a powerful and blessed Kali Chaudas.,#3f234f,fireworks,0,false,true
Narak Chaturdashi,narak-chaturdashi-2027,2027-10-28 00:00:00,Narak Chaturdashi Wishes,May Narak Chaturdashi remove darkness and negativity from your life.,May your home be filled with happiness peace and festive warmth.,Celebrate the triumph of light with family laughter and gratitude.,Happy Narak Chaturdashi! May your life shine with positivity.,#c45b16,fireworks,0,false,true
Diwali,diwali-2027,2027-10-29 00:00:00,Diwali Wishes,May millions of diyas brighten your home with happiness peace and prosperity.,May Goddess Lakshmi bless your family with abundance and beautiful new beginnings.,Let every light inspire hope every smile spread joy and every prayer bring peace.,Happy Diwali! Wishing you a sparkling festival of lights.,#f39c12,fireworks,0,true,true
Govardhan Puja,govardhan-puja-2027,2027-10-30 00:00:00,Govardhan Puja Wishes,May Govardhan Puja fill your home with gratitude protection and prosperity.,May Lord Krishna bless your family with love harmony and abundance.,Let this sacred celebration remind us to respect nature and value community.,Happy Govardhan Puja! May Krishna's blessings always be with you.,#4f8a45,confetti,0,false,true
Bhai Dooj,bhai-dooj-2027,2027-10-31 00:00:00,Bhai Dooj Wishes,May the beautiful bond between brothers and sisters grow stronger every year.,May your family be blessed with laughter love and unforgettable memories.,Celebrate siblinghood with heartfelt wishes and a promise to always stand together.,Happy Bhai Dooj! Wishing every sibling endless happiness.,#c44d58,confetti,0,true,true
Chhath Puja,chhath-puja-2027,2027-11-04 00:00:00,Chhath Puja Wishes,May Chhathi Maiya bless your family with health happiness and prosperity.,May every prayer offered to Surya Dev bring strength peace and positivity.,Celebrate with devotion gratitude and respect for nature.,Shubh Chhath Puja! May divine blessings brighten your home.,#e58b21,fireworks,0,true,true
Kansa Vadh,kansa-vadh-2027,2027-11-08 00:00:00,Kansa Vadh Wishes,May the story of Kansa Vadh inspire courage righteousness and faith.,May truth and goodness guide your choices through every challenge.,Let devotion and strength help you stand firmly for what is right.,Wishing you a blessed and meaningful Kansa Vadh.,#5c3b2e,confetti,0,false,true
Devutthana Ekadashi,devutthana-ekadashi-2027,2027-11-10 00:00:00,Devutthana Ekadashi Wishes,May Lord Vishnu bless your life with peace wisdom and renewed hope.,May this auspicious Ekadashi mark the beginning of joyful and positive days.,Let devotion and gratitude bring harmony to your home and heart.,Wishing you a blessed Devutthana Ekadashi.,#315f7d,glitter,0,false,true
Tulasi Vivah,tulasi-vivah-2027,2027-11-11 00:00:00,Tulasi Vivah Wishes,May the sacred union of Tulasi and Lord Vishnu bring love and harmony to your home.,May your family be blessed with prosperity peace and enduring relationships.,Let this beautiful celebration fill your heart with devotion and gratitude.,Happy Tulasi Vivah! May divine blessings remain with you always.,#4b7f52,confetti,0,false,true
Kartika Purnima,kartika-purnima-2027,2027-11-14 00:00:00,Kartika Purnima Wishes,May Kartika Purnima fill your life with peace wisdom and divine light.,May your prayers bring happiness harmony and prosperity to your family.,Celebrate this auspicious day with devotion kindness and gratitude.,Happy Kartika Purnima! May your home glow with blessings.,#4c72a4,glitter,0,false,true
Guru Nanak Jayanti,guru-nanak-jayanti-2027,2027-11-14 00:00:00,Guru Nanak Jayanti Wishes,May Guru Nanak Dev Ji's teachings inspire compassion equality humility and truth.,May your life be filled with seva kindness and remembrance of the Divine.,Let us celebrate with gratitude and spread love through our words and actions.,Happy Guru Nanak Jayanti! May Waheguru bless you and your family.,#d09a26,confetti,0,true,true
Kalabhairav Jayanti,kalabhairav-jayanti-2027,2027-11-20 00:00:00,Kalabhairav Jayanti Wishes,May Lord Kalabhairav bless you with courage protection and inner strength.,May fear give way to confidence and confusion to clarity.,Let devotion and discipline guide you toward peaceful living.,Wishing you a blessed Kalabhairav Jayanti.,#34345c,fireworks,0,false,true
Utpanna Ekadashi,utpanna-ekadashi-2027,2027-11-24 00:00:00,Utpanna Ekadashi Wishes,May Utpanna Ekadashi bring spiritual renewal peace and strength.,May your faith help you overcome negativity and welcome positive beginnings.,May your prayers fill your heart with patience gratitude and devotion.,Wishing you a peaceful and blessed Utpanna Ekadashi.,#496b8f,glitter,0,false,true
Vivah Panchami,vivah-panchami-2027,2027-12-03 00:00:00,Vivah Panchami Wishes,May the divine union of Shri Ram and Mata Sita inspire love trust and devotion.,May every relationship grow through patience respect and understanding.,May your home be filled with harmony and blessings.,Wishing you a blessed Vivah Panchami.,#b05a4d,confetti,0,false,true
Gita Jayanti,gita-jayanti-2027,2027-12-09 00:00:00,Gita Jayanti Wishes,May the timeless wisdom of the Bhagavad Gita bring clarity and courage to your life.,May its teachings inspire purposeful action patience and compassion.,May every challenge become an opportunity to learn and grow.,Wishing you a peaceful and inspiring Gita Jayanti.,#7a5c2e,glitter,0,false,true
Dattatreya Jayanti,dattatreya-jayanti-2027,2027-12-13 00:00:00,Dattatreya Jayanti Wishes,May Lord Dattatreya bless you with wisdom balance and spiritual strength.,May you find learning and guidance in every experience life brings.,May your home be filled with peace devotion and positive energy.,Happy Dattatreya Jayanti! May divine blessings guide your journey.,#8a5a2b,confetti,0,false,true
Dhanu Sankranti,dhanu-sankranti-2027,2027-12-16 00:00:00,Dhanu Sankranti Wishes,May this auspicious Sankranti bring fresh energy peace and prosperity into your life.,May the changing season inspire gratitude discipline and positive beginnings.,May divine light guide your family toward happiness and harmony.,Wishing you a blessed Dhanu Sankranti.,#d28b29,confetti,0,false,true
Saphala Ekadashi,saphala-ekadashi-dec-2027,2027-12-23 00:00:00,Saphala Ekadashi Wishes,May Saphala Ekadashi bring success peace and spiritual strength into your life.,May sincere efforts grow into meaningful achievements and happiness.,Let devotion and patience guide every step toward your goals.,Wishing you a blessed and fruitful Saphala Ekadashi.,#4d6585,glitter,0,false,true
Christmas,christmas-2027,2027-12-25 00:00:00,Christmas Wishes,May Christmas fill your home with love peace laughter and beautiful memories.,May the spirit of giving bring kindness and warmth to everyone around you.,Wishing you a season filled with hope togetherness and joyful moments.,Merry Christmas! May your days shine with happiness and love.,#b52b35,confetti,0,true,true